query_id,retrieved_docs
011,cts_foc_0002188 cdn_foc_0006869 cte_foc_0001449 cdn_foc_0006865 cdn_foc_0006870 cdn_foc_0002189 cdn_foc_0006866 cdn_soc_0002239 cte_foc_0001454 cts_soc_0004301 cts_foc_0002187 cts_soc_0005346 cts_soc_0004302 cts_foc_0002185 cts_esy_0000206 cts_foc_0002186 cts_soc_0002407 cdn_foc_0006868 cdn_foc_0006872 cdn_soc_0002235 cdn_soc_0002234 cts_soc_0005432 cdn_foc_0006867 cte_foc_0001482 cts_soc_0002655 cts_foc_0002181 cts_soc_0001509 cts_foc_0002183 cte_foc_0002845 cts_soc_0003452 cts_soc_0002667 cts_soc_0001424 cts_soc_0001344 cts_for_0000839 cts_soc_0003453 cts_for_0000848 cts_soc_0003418 cts_foc_0001318 cdn_chi_0000733 cte_foc_0002731 cts_soc_0003399 cts_foc_0004309 cte_foc_0002738 cts_soc_0000214 cte_foc_0001505 cts_soc_0002814 cdn_foc_0007629 cts_for_0000837 cts_soc_0000216 cts_ent_0000866 cte_foc_0002164 cts_soc_0001169 cts_pol_0001010 cts_soc_0003192 cte_esy_0000105 cts_soc_0005778 cdn_foc_0007633 cdn_foc_0002992 cts_chi_0001815 cts_foc_0003151 cts_soc_0000601 cts_soc_0000496 cts_pol_0002876 cdn_foc_0000859 cts_soc_0000085 cdn_soc_0002963 cts_soc_0001197 cts_soc_0001522 cts_soc_0003451 cts_soc_0004077 cts_chi_0000727 cts_soc_0001209 cdn_soc_0002422 cdn_chi_0000795 cts_soc_0002553 cts_foc_0003520 cts_soc_0002690 cts_foc_0005152 cts_soc_0004152 cts_soc_0005269 cts_soc_0003018 cts_soc_0004345 cts_soc_0002115 cts_ent_0000805 cts_soc_0004886 cts_soc_0003128 ctc_chi_0000514 cts_soc_0005716 cts_foc_0003150 cts_chi_0001654 cts_soc_0005323 cts_foc_0004923 cts_soc_0002150 cts_soc_0005980 cts_chi_0000737 cts_chi_0000743 cts_soc_0004909 cte_foc_0001053 cts_soc_0005855 cdn_soc_0002659
012,cts_soc_0004984 cdn_edu_0000876 cts_soc_0004991 cts_soc_0005788 cts_soc_0005420 cdn_soc_0004841 cte_foc_0003562 cdn_edu_0000946 cts_for_0001997 cdn_soc_0004840 cts_for_0001970 cts_soc_0004715 cts_for_0001677 cts_soc_0005787 cts_soc_0006228 cts_soc_0004752 cts_for_0001697 cts_soc_0005786 cdn_soc_0004849 cts_soc_0004753 cts_for_0001676 cdn_soc_0004071 cdn_edu_0001382 cts_for_0001971 cts_for_0001689 cts_for_0001973 cts_for_0001993 cts_soc_0004959 cts_for_0001675 cts_for_0001979 cts_for_0001980 cts_soc_0005401 cdn_loc_0001326 ctc_tec_0000433 cdn_edu_0000742 cdn_spo_0000859 cts_ent_0003367 ctc_ser_0000756 ctc_tec_0000194 cts_soc_0005402 cts_art_0000326 cts_art_0000497 cts_art_0000258 cts_eco_0000611 cts_esy_0000470 ctc_ser_0000296 ctc_ser_0000301 cts_ent_0000167 cdn_soc_0001946 cdn_soc_0000005 cdn_foc_0005429 ctc_ser_0001133 cts_soc_0000448 cdn_foc_0006142 cdn_edu_0000835 cdn_soc_0004880 cdn_edu_0001197 cdn_eco_0003462 cts_soc_0005865 cdn_soc_0004687 cts_chi_0000278 cts_soc_0004035 cts_soc_0005866 cts_eco_0001102 cte_foc_0001178 cts_eco_0001090 cts_soc_0004942 ctc_tec_0000161 cdn_edu_0000479 cts_soc_0000042 ctc_tec_0000429 cts_art_0001656 cte_esy_0000069 cdn_soc_0000147 cdn_edu_0000817 ctc_tec_0002177 cts_soc_0005286 ctc_ser_0001111 cte_foc_0000501 cts_eco_0004386 cdn_edu_0000577 ctc_dep_0001182 cdn_edu_0000355 cdn_eco_0001487 cts_art_0000760 ctc_foc_0001545 cdn_edu_0001310 cts_chi_0000041 ctc_ser_0000665 cts_pol_0003005 cdn_edu_0001269 cdn_foc_0004098 cdn_edu_0001319 cdn_edu_0000552 cte_foc_0000966 cdn_soc_0000824 cts_foc_0004364 cdn_soc_0004069 cdn_edu_0001098 cts_chi_0002284
013,cdn_foc_0006898 cdn_spo_0001594 cdn_spo_0000085 cdn_spo_0000087 cdn_soc_0002584 cdn_spo_0000100 cdn_foc_0006895 cts_soc_0000949 cdn_spo_0000043 cdn_spo_0001597 cdn_soc_0005122 cts_esy_0000232 cts_soc_0003653 cts_soc_0003142 cdn_spo_0000088 cdn_spo_0000205 cdn_foc_0006894 cdn_spo_0000078 cts_soc_0002633 cts_for_0000996 cts_foc_0002215 cts_soc_0006085 cdn_spo_0001220 cts_soc_0003499 cts_for_0001878 cte_foc_0003538 cts_soc_0006088 cdn_soc_0002583 cts_for_0001202 cdn_soc_0002582 cdn_soc_0005118 cdn_foc_0006896 cdn_spo_0000770 cdn_soc_0002585 cdn_spo_0000099 cts_for_0001876 cts_for_0000945 cdn_spo_0001552 cts_esy_0000211 cdn_spo_0001550 cdn_spo_0001605 cts_for_0001877 cdn_spo_0000481 cdn_spo_0001274 cdn_spo_0001563 cdn_spo_0000956 cts_for_0001567 cte_foc_0003726 cdn_spo_0001236 cdn_spo_0001081 cts_soc_0005737 cdn_soc_0001022 cdn_spo_0000473 cte_foc_0002059 cdn_spo_0000041 cdn_spo_0001434 cdn_spo_0001288 cdn_spo_0000486 cdn_spo_0001257 cdn_spo_0000211 cdn_foc_0008655 cdn_spo_0001030 cdn_spo_0001128 cdn_spo_0000314 cdn_spo_0000828 cdn_spo_0000375 cdn_spo_0001357 cdn_spo_0000003 cdn_spo_0000464 cdn_spo_0000177 cdn_spo_0000901 cdn_spo_0000570 cts_soc_0004090 cts_soc_0003070 cdn_spo_0001545 cts_pol_0002134 cts_foc_0005562 cdn_spo_0000412 cts_soc_0006262 cdn_spo_0000086 cdn_soc_0002224 cdn_spo_0000260 cdn_foc_0008656 cdn_spo_0000854 cdn_spo_0001354 cdn_spo_0000098 cdn_eco_0001224 cdn_spo_0001133 cdn_spo_0001321 cdn_soc_0004622 cts_soc_0003953 cdn_spo_0001161 cdn_spo_0001377 cts_for_0001859 cdn_spo_0000926 cdn_spo_0001300 cdn_spo_0000748 cdn_spo_0001272 cdn_spo_0001566 cts_for_0001404
014,cts_soc_0000198 cte_foc_0003581 cts_soc_0005701 cts_soc_0005744 cts_for_0000538 cts_soc_0004771 cdn_for_0000192 cts_soc_0000166 cdn_soc_0001663 cdn_soc_0001662 cts_esy_0000489 cts_soc_0001862 cts_soc_0000334 cts_soc_0000250 cts_soc_0004772 cts_for_0002005 cdn_soc_0004731 cts_for_0000603 cts_soc_0000094 cdn_soc_0000620 cdn_soc_0000206 cts_soc_0006220 cdn_soc_0003578 cte_foc_0003568 cdn_soc_0005054 cdn_soc_0001664 cts_soc_0003749 cts_soc_0000070 cts_soc_0005861 cte_foc_0000999 cdn_soc_0004711 cdn_soc_0003735 cts_soc_0005751 cdn_soc_0002603 cdn_soc_0002654 cdn_soc_0000348 cdn_soc_0001373 cdn_soc_0000643 cdn_soc_0001398 cts_soc_0002062 cts_soc_0000312 cte_foc_0003612 cdn_soc_0004793 cts_foc_0005174 cdn_soc_0004873 cdn_foc_0008454 cdn_ent_0000023 cte_foc_0000864 cdn_eco_0000199 cts_soc_0004451 cte_esy_0000232 cdn_foc_0002019 cdn_soc_0003666 cdn_soc_0000374 cdn_soc_0002801 cdn_for_0000084 cdn_soc_0001660 cts_soc_0005946 cts_soc_0001864 cdn_soc_0003686 cdn_edu_0000524 cts_for_0000718 cte_foc_0003337 cdn_soc_0003962 cts_soc_0001201 cdn_foc_0004013 cts_eco_0004072 cdn_soc_0000094 cdn_edu_0000684 cdn_ent_0000092 cts_soc_0005276 cts_soc_0005904 cts_soc_0000117 cdn_edu_0000660 cdn_soc_0003679 cte_foc_0000934 cts_soc_0000101 cte_foc_0003524 cdn_for_0000590 cdn_soc_0002003 cdn_soc_0000713 cts_soc_0002588 cts_soc_0005284 cdn_foc_0008620 ctc_chi_0000066 cts_soc_0005943 cts_ent_0002480 cdn_soc_0000063 cdn_edu_0000237 cts_foc_0000830 cts_soc_0005743 cts_soc_0003670 cts_foc_0001321 cts_soc_0005808 cts_soc_0004319 cdn_soc_0000616 cdn_edu_0000944 cts_soc_0000383 cdn_edu_0001363 cdn_foc_0002278
015,cts_pol_0002104 cts_pol_0002130 cts_ent_0002422 cdn_foc_0007442 cts_pol_0001986 cdn_foc_0007502 cts_foc_0003431 ctc_foc_0002290 cts_foc_0003364 cdn_foc_0007489 cts_pol_0002068 cdn_foc_0007463 cts_ent_0002431 ctc_dep_0000267 cdn_foc_0003657 cts_pol_0000532 cts_ent_0000556 cts_for_0001304 cdn_foc_0001868 cts_pol_0002341 cdn_ent_0000709 cdn_ent_0000749 cts_pol_0002198 ctc_chi_0001869 cts_foc_0004218 cts_foc_0002453 cts_foc_0002461 cts_ent_0001514 cts_foc_0003333 cts_ent_0001196 cts_pol_0001867 cdn_soc_0003320 cts_chi_0002706 cdn_foc_0003581 cts_ent_0000496 cts_ent_0002614 cdn_foc_0003459 cdn_foc_0004273 cdn_foc_0007458 cdn_foc_0003178 cts_foc_0003484 cdn_foc_0003922 cts_ent_0003136 cdn_chi_0001408 cdn_ent_0000679 cdn_foc_0007464 cts_foc_0003520 cdn_foc_0007663 ctc_foc_0001454 ctc_esy_0000028 cts_soc_0002910 cts_ent_0000054 cdn_foc_0007672 cts_pol_0001726 cts_foc_0003482 cts_for_0001625 cdn_foc_0007515 cts_int_0001266 cts_int_0001305 ctc_mnf_0001840 cts_ent_0003154 cts_foc_0003930 cts_ent_0003240 cts_pol_0001827 cdn_foc_0007017 cdn_for_0000438 cts_pol_0000223 cts_ent_0002068 cts_ent_0002840 cdn_soc_0001221 ctc_foc_0003139 cdn_foc_0007145 cts_for_0001348 cdn_ent_0001385 cts_esy_0000194 cte_foc_0002759 cts_pol_0002133 cts_esy_0000321 cdn_foc_0001863 cts_foc_0003543 cts_ent_0002505 cts_soc_0004572 cts_ent_0000520 cts_soc_0003289 cts_pol_0002107 cts_for_0001303 cts_for_0002124 cts_int_0000540 cts_ent_0001437 cdn_foc_0003476 cdn_ent_0000688 cts_ent_0000495 ctc_tec_0000369 cts_pol_0001972 cts_ent_0000011 cts_for_0000023 cdn_foc_0002975 ctc_foc_0002699 cts_int_0001245 cdn_foc_0007565
016,cts_soc_0001667 cte_foc_0000351 cdn_soc_0001975 cts_soc_0002130 cts_soc_0000402 cdn_soc_0000799 cts_soc_0001669 cts_soc_0001352 cdn_soc_0003505 cdn_soc_0001864 cte_foc_0000676 cte_foc_0001389 cts_esy_0000115 cts_foc_0003042 cdn_foc_0006186 cte_foc_0000590 cts_soc_0002995 cts_soc_0000900 cts_soc_0001272 cts_soc_0000661 cte_foc_0000271 cts_soc_0001849 cts_soc_0004800 cts_soc_0001666 cte_foc_0000657 cdn_soc_0000580 cdn_soc_0001679 cts_chi_0000830 cts_soc_0000110 cts_for_0000292 cdn_soc_0002795 cdn_foc_0006091 cts_soc_0002272 cdn_soc_0004868 cts_soc_0003051 cts_soc_0001622 cts_soc_0003025 cts_soc_0002659 cdn_soc_0002016 cts_soc_0001090 cts_soc_0000772 cts_soc_0001350 cdn_soc_0000648 cts_soc_0001564 cdn_soc_0002600 cts_for_0000482 cdn_chi_0000741 cte_foc_0001778 cdn_soc_0001129 cts_soc_0000796 cts_soc_0004400 cdn_chi_0000698 cts_soc_0003981 cts_soc_0000871 cts_soc_0002377 cdn_soc_0001614 cts_soc_0001270 cte_foc_0000671 cts_soc_0001723 cdn_foc_0006264 cts_soc_0000851 cts_soc_0000889 cts_soc_0004398 cts_for_0002018 cdn_soc_0004702 cdn_chi_0000813 cts_soc_0004049 cts_soc_0001063 cts_soc_0003162 cts_soc_0003113 cts_soc_0003123 cts_chi_0000942 cdn_soc_0002484 cts_soc_0002932 cdn_soc_0002599 cts_soc_0002131 cts_foc_0000544 cts_soc_0004399 cts_for_0000343 cdn_foc_0006259 cdn_soc_0000207 cdn_soc_0000870 cte_foc_0000211 cdn_soc_0000384 cts_soc_0000669 cts_soc_0000672 cdn_foc_0006121 cdn_soc_0000941 cts_for_0000461 cts_soc_0001133 cts_soc_0001132 cts_soc_0000751 cdn_foc_0006122 cts_soc_0001112 cte_esy_0000020 cts_soc_0002528 cdn_soc_0002678 cte_foc_0003757 cdn_soc_0001615 cdn_soc_0002593
017,cts_pol_0000173 cdn_foc_0000324 cts_pol_0002264 cts_pol_0000152 cdn_foc_0000172 cte_foc_0000094 cts_foc_0003787 cts_pol_0000157 cts_pol_0000883 cts_for_0000083 cts_pol_0000078 cts_for_0000111 cts_foc_0004742 cts_for_0001597 cts_pol_0000092 cts_esy_0000022 cts_soc_0001693 cts_for_0001812 cts_pol_0002263 cdn_foc_0000441 cts_pol_0000007 cts_pol_0000181 cdn_soc_0003519 cts_soc_0005115 cdn_foc_0000326 cts_pol_0000180 cdn_foc_0002563 cdn_foc_0002543 cts_for_0001165 cdn_foc_0004098 cts_pol_0000179 cte_foc_0000174 cdn_soc_0002849 cts_pol_0001470 cdn_foc_0000303 cts_soc_0001575 cts_soc_0003021 cdn_foc_0002753 cdn_soc_0003428 cts_soc_0005172 cts_pol_0000781 cts_soc_0003146 cts_pol_0001643 cts_soc_0003044 cdn_foc_0002889 cdn_foc_0005708 cdn_foc_0002544 cdn_foc_0002564 cts_soc_0003543 cts_pol_0001661 cdn_soc_0003953 cts_pol_0001602 cts_foc_0003082 cts_foc_0003702 cts_soc_0002972 cts_int_0000564 cts_int_0000566 cts_for_0000668 cts_pol_0001663 cts_foc_0003081 cts_pol_0002574 cts_soc_0002974 ctc_dep_0001564 cts_foc_0001188 cdn_eco_0003079 cte_foc_0001185 cdn_soc_0002848 cts_pol_0000672 cdn_foc_0000312 cdn_foc_0004016 cdn_soc_0000777 cts_soc_0001023 cts_for_0002047 cts_soc_0000163 cdn_foc_0002845 cts_chi_0002307 cts_soc_0002611 cts_int_0000377 cts_foc_0003677 cts_soc_0003172 cdn_foc_0006731 cts_soc_0003155 cdn_soc_0001652 cdn_foc_0001818 cte_foc_0002547 ctc_foc_0001481 cts_esy_0000165 cdn_eco_0003779 ctc_foc_0001032 cts_foc_0004221 cts_for_0000655 cdn_foc_0000131 cts_soc_0002612 cdn_soc_0001735 cdn_foc_0007913 cdn_foc_0004160 cdn_foc_0007873 cts_pol_0000213 cdn_foc_0003749 cdn_soc_0002659
018,cdn_spo_0000352 cdn_spo_0000837 cdn_spo_0000243 cdn_spo_0000941 cdn_spo_0000517 cdn_spo_0000899 cdn_spo_0000373 cts_for_0001628 cdn_spo_0000961 cdn_soc_0001997 cdn_spo_0001000 cdn_spo_0000891 cdn_soc_0002126 ctc_cgo_0000362 cts_for_0000991 cdn_soc_0003232 cdn_soc_0002047 ctc_chi_0001284 cdn_soc_0002100 cdn_chi_0001725 ctc_eco_0000497 cte_foc_0003155 cts_soc_0004915 cts_soc_0002243 cdn_soc_0002042 ctc_eco_0001345 cdn_spo_0001119 cts_soc_0002406 cdn_soc_0002391 cdn_spo_0001400 cdn_spo_0000963 ctc_mnf_0000586 cdn_soc_0004311 cts_soc_0004840 ctc_foc_0001380 cdn_soc_0002079 cdn_soc_0004092 cts_for_0001859 cte_foc_0003161 ctc_dep_0001482 cts_ent_0001017 cdn_spo_0001300 cdn_soc_0003217 cte_foc_0002797 cts_eco_0002975 cdn_soc_0002076 cdn_soc_0002561 cdn_soc_0002142 cdn_soc_0001980 cdn_soc_0002127 ctc_esy_0000094 cts_soc_0002147 ctc_mnf_0000756 ctc_eco_0001140 cts_soc_0004716 cdn_soc_0001959 ctc_cgo_0001074 cts_soc_0003826 ctc_cgo_0000694 cdn_eco_0002891 ctc_chi_0000740 cdn_eco_0003486 cdn_spo_0000979 ctc_mnf_0001661 cdn_soc_0003705 cts_for_0000945 cts_soc_0002255 cts_soc_0000581 cts_for_0001721 ctc_cgo_0000355 cdn_soc_0003227 cdn_soc_0002211 cts_for_0000743 cts_for_0001320 cdn_soc_0001900 cts_soc_0002438 cdn_soc_0002099 cts_soc_0002396 cdn_soc_0002045 cdn_soc_0003877 cdn_spo_0000974 cdn_eco_0001387 cdn_soc_0004072 cte_foc_0001319 ctc_mnf_0000950 cdn_spo_0001297 cts_soc_0000382 cdn_eco_0002337 cdn_soc_0002104 cdn_soc_0001902 ctc_foc_0000963 ctc_foc_0001536 cte_foc_0002887 cdn_soc_0002469 cts_soc_0002436 cts_soc_0002420 ctc_cgo_0000716 cts_soc_0002405 cdn_foc_0003390 cts_foc_0001965
019,cts_pol_0003207 cdn_foc_0004185 cts_pol_0003217 cdn_foc_0005643 cdn_foc_0005731 cts_pol_0002947 cts_pol_0003249 cdn_foc_0004196 cts_pol_0003216 cts_pol_0001392 cdn_foc_0001125 cdn_eco_0002017 cts_soc_0000002 cts_soc_0002716 cts_pol_0002044 cts_pol_0002045 cdn_foc_0006916 cts_esy_0000222 cdn_soc_0003252 cdn_foc_0002372 cts_pol_0002023 cts_foc_0002980 cts_pol_0002036 cdn_foc_0001456 cts_foc_0002977 cdn_foc_0005444 cdn_chi_0000503 cte_foc_0001624 ctc_dep_0000536 cts_for_0001162 cte_foc_0000081 cdn_foc_0004620 cdn_eco_0001648 cdn_foc_0000859 cts_pol_0001134 cts_pol_0000768 cte_esy_0000006 cdn_foc_0002383 cdn_foc_0003452 cte_foc_0002399 cts_esy_0000428 cts_esy_0000012 cdn_foc_0006950 cts_soc_0004776 cts_for_0001169 cdn_foc_0002956 ctc_foc_0001803 cdn_foc_0004529 cdn_for_0000238 cts_for_0000033 cdn_chi_0001039 cdn_for_0000170 cdn_foc_0001461 cte_esy_0000142 cts_foc_0002975 cdn_foc_0002957 cdn_for_0000262 cts_for_0001646 cdn_for_0000329 cte_foc_0003527 cdn_chi_0001806 cdn_foc_0002230 cdn_for_0000467 cdn_foc_0003628 cdn_foc_0002173 cdn_foc_0004237 cts_foc_0002338 cdn_foc_0006845 cts_for_0000840 cdn_soc_0003499 cdn_foc_0000075 cts_for_0001160 cts_foc_0002223 cdn_foc_0002207 cts_foc_0004221 cdn_chi_0001052 cdn_foc_0005365 cdn_foc_0003669 cts_int_0000120 cts_soc_0002959 cts_soc_0000547 cdn_soc_0002313 cts_pol_0003063 cts_pol_0001810 cts_int_0002380 cdn_foc_0002964 cts_foc_0005187 cdn_foc_0002096 cts_pol_0000215 cdn_foc_0002524 cdn_foc_0002359 cte_foc_0001517 cdn_chi_0000149 cts_foc_0002212 cts_foc_0002217 cts_for_0001747 cts_soc_0005909 cte_foc_0001925 cdn_soc_0001014 cts_for_0001308
020,cdn_foc_0008422 cts_int_0002719 cdn_foc_0008434 cdn_foc_0008499 cts_int_0002759 cdn_foc_0008510 cte_foc_0003560 cts_int_0002742 cts_int_0002780 cts_foc_0005252 cts_int_0002718 cts_int_0002751 cts_int_0002663 cts_int_0002722 cts_int_0002723 cdn_foc_0008485 cts_int_0002687 cts_int_0002740 cts_int_0002675 cdn_soc_0004738 cts_int_0002696 cdn_foc_0008491 cts_int_0002677 cts_int_0000384 cdn_foc_0005531 cdn_foc_0005603 cdn_soc_0004973 cdn_foc_0005532 cdn_foc_0005806 cts_int_0002787 cdn_foc_0005372 cts_int_0002758 cdn_foc_0008498 cdn_soc_0004735 cdn_foc_0005430 cts_int_0002748 cdn_foc_0008601 cdn_foc_0008414 cdn_foc_0008418 cts_int_0002499 cts_int_0002939 cts_pol_0003154 cts_int_0002781 cts_pol_0003195 cdn_foc_0005584 cts_int_0002697 cts_int_0002937 cdn_foc_0008488 cts_int_0001453 cts_int_0001459 cts_int_0002031 cts_int_0002761 cte_foc_0003463 cdn_foc_0005452 cts_int_0002741 cts_pol_0003230 cts_for_0001996 cts_int_0002651 cts_int_0002845 cts_int_0002897 cts_int_0002727 cdn_foc_0005833 cts_int_0002665 cts_int_0002835 cdn_foc_0005529 cdn_foc_0004774 cts_int_0002403 ctc_eco_0001533 ctc_eco_0001637 cts_int_0002726 cts_int_0002749 cts_int_0002707 cts_for_0002004 cts_soc_0005593 cdn_foc_0003039 cts_int_0002724 cts_for_0001990 cts_pol_0003221 cts_int_0002716 cts_int_0002881 cdn_foc_0008631 cts_int_0002840 cts_int_0002841 cts_int_0001500 cts_int_0002352 cdn_soc_0004355 cts_int_0002743 cts_int_0002688 cts_int_0000401 cts_int_0002833 cts_int_0001482 cts_int_0001474 cts_for_0001688 cts_int_0001631 cts_foc_0005512 cts_foc_0004446 cts_int_0002938 cdn_foc_0005275 cts_esy_0000427 cts_int_0002811
021,cdn_soc_0002006 cts_for_0000709 ctc_ser_0000389 cts_eco_0001506 ctc_fin_0001382 ctc_ser_0000390 cte_foc_0001429 cts_ent_0000893 cte_foc_0003502 cts_ent_0000925 cte_esy_0000087 cts_esy_0000183 cts_eco_0003581 cts_soc_0002295 cdn_loc_0001250 ctc_foc_0000976 cts_ent_0001598 cts_eco_0001607 cts_ent_0001511 cts_for_0001073 cts_esy_0000554 cdn_for_0000015 ctc_ser_0001209 ctc_ser_0000772 cts_foc_0000188 cdn_edu_0000413 cdn_chi_0000482 cdn_chi_0001641 cts_chi_0002711 cte_sto_0000742 cts_soc_0005411 ctc_mnf_0002156 cts_eco_0000846 ctc_ser_0000279 cdn_eco_0002085 cts_art_0001366 cts_for_0001831 cts_for_0002054 ctc_mnf_0000296 cts_art_0001405 cts_esy_0000355 ctc_eco_0001180 cts_art_0001382 cdn_loc_0001803 cts_for_0000336 cts_art_0001137 cdn_soc_0000806 ctc_tec_0000654 ctc_ser_0000483 ctc_mnf_0000801 cts_for_0001206 ctc_ser_0000727 ctc_ser_0000096 cdn_eco_0001983 cdn_loc_0001355 cts_for_0001293 cts_ent_0002614 cdn_loc_0002313 cdn_chi_0001729 ctc_ser_0000272 cts_chi_0002034 ctc_fin_0001599 ctc_tec_0000668 cts_pol_0003313 cts_art_0000114 cts_for_0001589 cdn_eco_0001862 ctc_mnf_0000274 cdn_chi_0000007 ctc_ser_0000032 cts_eco_0003969 ctc_foc_0002331 cdn_edu_0001042 cts_pol_0003261 cts_int_0000064 cts_art_0002068 ctc_chi_0000230 ctc_chi_0000119 ctc_ser_0000121 ctc_ser_0000592 cts_for_0001570 ctc_ser_0000831 cts_art_0000727 cte_foc_0002583 ctc_eco_0000299 ctc_ser_0000328 cdn_edu_0000727 ctc_ser_0001058 ctc_ser_0000271 ctc_cgo_0000678 cdn_chi_0002173 cts_art_0000402 cts_eco_0000182 ctc_ser_0000278 cts_for_0001867 cts_foc_0003697 ctc_ser_0000079 ctc_cgo_0000559 cts_ent_0001000 ctc_ser_0000186
022,ctc_foc_0001687 ctc_dep_0001593 cte_foc_0000854 cdn_foc_0001293 ctc_dep_0000237 cts_foc_0000252 ctc_foc_0000709 cdn_soc_0001383 ctc_esy_0000057 cdn_foc_0006425 cdn_soc_0001068 cdn_foc_0000844 cdn_soc_0001355 cts_pol_0000134 cdn_eco_0000803 cdn_eco_0000802 cts_eco_0000713 cdn_soc_0000836 cdn_foc_0001758 cdn_for_0000127 cts_foc_0000992 ctc_mnf_0002393 ctc_esy_0000044 cts_eco_0000661 ctc_foc_0000538 cdn_eco_0001178 ctc_dep_0000149 cts_eco_0003092 cdn_soc_0001196 cts_foc_0000794 cdn_soc_0000866 cts_for_0000058 cdn_eco_0001180 cdn_eco_0003174 ctc_dep_0000432 cdn_eco_0002060 cdn_soc_0001158 cts_pol_0000083 ctc_foc_0000860 ctc_foc_0000564 cdn_foc_0001906 cdn_eco_0001600 cdn_soc_0000824 cdn_soc_0001801 cts_eco_0001358 cdn_foc_0007913 ctc_foc_0003560 ctc_foc_0000961 cts_pol_0000428 cts_eco_0000767 cdn_soc_0001139 cts_eco_0001400 cdn_soc_0003182 cdn_eco_0000725 cts_for_0000406 ctc_foc_0000214 ctc_foc_0000079 ctc_dep_0000148 ctc_foc_0000073 cdn_foc_0005119 cdn_eco_0002358 cts_eco_0002250 cdn_eco_0001289 cdn_soc_0000992 ctc_dep_0001219 cts_foc_0005006 ctc_chi_0000998 cts_eco_0001294 ctc_foc_0000153 ctc_foc_0001013 ctc_foc_0000567 cts_foc_0004652 ctc_foc_0000624 ctc_foc_0001071 cdn_foc_0006432 ctc_dep_0001299 cdn_foc_0001495 ctc_dep_0000350 cdn_eco_0003796 ctc_foc_0001004 cdn_eco_0000141 cdn_eco_0001924 ctc_tec_0001602 cts_eco_0003860 cte_foc_0000476 ctc_foc_0001357 cts_foc_0003970 cts_eco_0002694 cdn_eco_0000964 cdn_eco_0000892 ctc_foc_0000589 cdn_eco_0003776 cdn_soc_0001117 ctc_foc_0003210 ctc_foc_0000114 cte_foc_0002239 cdn_eco_0001226 ctc_foc_0000698 ctc_foc_0001053 cte_esy_0000045
023,cte_foc_0002963 cdn_spo_0000979 ctc_dep_0001128 ctc_dep_0001126 cts_ent_0002376 cts_eco_0003677 ctc_dep_0001127 cte_foc_0002955 ctc_eco_0001211 cdn_foc_0002588 cts_soc_0001124 cdn_spo_0000976 cts_for_0001671 ctc_ser_0000690 ctc_mnf_0002033 ctc_cgo_0001167 ctc_tec_0000205 cdn_spo_0000826 ctc_ser_0001106 ctc_dep_0000089 cdn_spo_0000981 cdn_spo_0000974 ctc_ser_0000272 ctc_ser_0001105 cdn_spo_0000980 cts_ent_0002916 ctc_mnf_0001933 ctc_tec_0001718 cte_foc_0001711 cts_for_0001628 ctc_esy_0000231 cdn_spo_0000137 cdn_soc_0003877 ctc_eco_0001418 cdn_spo_0001000 cts_ent_0001831 cdn_soc_0001055 ctc_ser_0000551 cts_eco_0003603 ctc_eco_0000260 ctc_sto_0002946 cdn_spo_0001429 cts_int_0002787 ctc_sto_0001677 cdn_eco_0003328 ctc_mnf_0001390 cdn_foc_0005595 cts_eco_0003286 cts_ent_0002533 ctc_sto_0004592 cts_for_0001859 ctc_sto_0001601 cts_eco_0004410 ctc_sto_0001453 cts_eco_0001678 ctc_tec_0000064 cts_eco_0000119 cdn_eco_0000941 cdn_ent_0001200 cdn_eco_0000995 cdn_spo_0000136 cdn_ent_0000682 cdn_foc_0008362 cts_ent_0002893 cdn_spo_0000963 cts_eco_0003575 cdn_eco_0000990 cts_ent_0003596 ctc_esy_0000235 cts_eco_0001035 cts_eco_0000257 cts_eco_0001510 cdn_spo_0001272 ctc_tec_0001272 cts_eco_0002576 ctc_sto_0001157 cts_eco_0003504 cts_eco_0002830 ctc_fin_0002634 cdn_ent_0000650 ctc_foc_0001610 cdn_foc_0001495 ctc_mnf_0001658 cts_eco_0004077 cts_eco_0002816 cts_eco_0003505 cts_eco_0003854 cdn_eco_0002021 cts_eco_0004124 ctc_dep_0000043 cdn_foc_0008373 ctc_foc_0003632 cdn_eco_0002617 cdn_foc_0006885 ctc_tec_0001181 cdn_eco_0001081 ctc_sto_0002171 ctc_eco_0001068 cts_ent_0000761 cdn_foc_0002130
024,cts_soc_0004283 cts_soc_0004251 cts_for_0001441 cts_soc_0004350 cte_foc_0002716 cte_foc_0002721 cts_for_0001851 cdn_soc_0003683 cts_soc_0004282 cts_for_0001436 cts_soc_0004201 cts_soc_0004349 cdn_soc_0003618 cdn_soc_0003638 cts_for_0001435 cts_soc_0004250 cdn_foc_0004355 cdn_soc_0005145 cts_for_0001478 cdn_foc_0003626 cts_for_0001513 cts_for_0001529 cdn_soc_0003631 cts_soc_0004303 cdn_foc_0004373 cts_for_0001479 cte_esy_0000185 cts_for_0001527 cdn_soc_0000948 cts_chi_0001088 ctc_esy_0000066 cts_for_0001618 cdn_loc_0002288 cdn_loc_0001350 cte_foc_0003675 cdn_chi_0001939 cdn_loc_0001013 cdn_loc_0001005 cdn_foc_0002002 cts_foc_0002494 cdn_soc_0003687 ctc_dep_0000519 cdn_soc_0001745 cts_soc_0003522 cts_soc_0006015 cts_for_0000863 cdn_soc_0005038 cts_for_0001850 cdn_for_0000326 cdn_loc_0001980 cts_eco_0001665 cdn_loc_0001751 cts_foc_0002433 cts_soc_0000475 cdn_loc_0000510 cte_foc_0002131 cdn_loc_0001540 cts_soc_0003733 cte_foc_0003676 cdn_foc_0000161 cts_foc_0002919 cts_foc_0005639 cts_pol_0000794 cdn_loc_0000523 cdn_soc_0002663 cts_chi_0001025 cts_chi_0001016 cdn_soc_0002786 cts_pol_0001342 cdn_soc_0002682 cdn_loc_0001505 cts_pol_0001082 cdn_loc_0001302 ctc_dep_0000421 cts_foc_0001933 cts_for_0001968 cdn_chi_0000910 cdn_loc_0002114 cdn_loc_0001248 cdn_soc_0002769 cdn_foc_0007904 cts_pol_0003173 ctc_esy_0000017 cdn_soc_0001650 cdn_soc_0002947 cdn_edu_0001263 cts_for_0001630 cdn_eco_0001352 cdn_loc_0000633 ctc_dep_0000697 cdn_soc_0002463 cdn_soc_0000402 cts_chi_0000941 ctc_dep_0000007 cts_for_0000890 ctc_dep_0001077 cdn_soc_0002890 cts_soc_0002305 cdn_soc_0003177 cdn_loc_0001680
025,cdn_eco_0001201 cdn_eco_0003653 cts_foc_0005006 cts_eco_0001645 ctc_foc_0002315 ctc_foc_0003257 cts_foc_0005005 cdn_eco_0003717 cts_eco_0003127 cts_foc_0003666 cts_foc_0004117 cdn_eco_0003163 ctc_foc_0001334 cts_foc_0004122 cdn_eco_0003686 cdn_eco_0003776 cts_eco_0003860 cdn_foc_0005119 cts_eco_0003093 cts_eco_0002928 cdn_foc_0007931 ctc_esy_0000201 cts_foc_0004121 cts_eco_0003802 ctc_foc_0003236 cts_eco_0003825 ctc_esy_0000233 cdn_foc_0007936 ctc_foc_0001013 cts_eco_0003778 ctc_esy_0000057 ctc_foc_0001553 ctc_dep_0000677 ctc_dep_0000676 ctc_foc_0003252 cdn_eco_0003764 ctc_foc_0003638 cdn_foc_0007932 ctc_dep_0000507 ctc_foc_0003210 cts_eco_0003848 ctc_foc_0003253 ctc_dep_0000863 cdn_for_0000461 cdn_eco_0003736 cts_eco_0003022 ctc_foc_0001004 ctc_foc_0002622 ctc_foc_0002614 ctc_foc_0000620 ctc_foc_0002413 ctc_esy_0000190 cts_eco_0003203 ctc_dep_0001397 ctc_foc_0001948 ctc_foc_0003154 ctc_foc_0001049 ctc_foc_0002674 ctc_dep_0001299 ctc_foc_0001064 cts_eco_0003396 cts_foc_0004120 cdn_foc_0008160 ctc_fin_0000825 ctc_foc_0001014 cts_foc_0004652 cdn_eco_0002578 cdn_foc_0007940 cdn_eco_0003531 ctc_foc_0000160 cdn_foc_0008298 cts_for_0000598 cdn_foc_0008144 cts_eco_0003578 cts_eco_0003861 cdn_foc_0004860 cts_foc_0004625 cts_eco_0001307 ctc_dep_0001376 cts_foc_0004118 ctc_dep_0000215 cdn_eco_0003174 cdn_foc_0007939 cts_eco_0003869 ctc_foc_0003263 ctc_foc_0003142 ctc_foc_0003669 ctc_dep_0000965 cdn_eco_0003084 cdn_eco_0000104 ctc_foc_0003169 ctc_foc_0003313 ctc_tec_0001602 cdn_eco_0000892 ctc_foc_0002834 cdn_foc_0006425 ctc_fin_0002195 cdn_foc_0007941 cts_eco_0003693 ctc_foc_0000026
026,cts_soc_0006096 cts_soc_0005905 cts_for_0000818 cts_for_0001482 ctc_fin_0002077 cdn_soc_0003713 cts_foc_0004640 cts_soc_0000345 cts_soc_0003061 cdn_soc_0000044 cdn_soc_0000050 ctc_mnf_0001580 cts_soc_0000938 cts_soc_0001491 cdn_eco_0000628 cts_for_0000817 cdn_soc_0002395 cts_soc_0006188 ctc_fin_0000696 cts_soc_0004214 cdn_soc_0002256 cts_soc_0004430 ctc_fin_0002085 cdn_eco_0002756 cdn_soc_0003585 cts_soc_0000373 cdn_foc_0008452 cts_soc_0001582 cts_soc_0002268 cts_foc_0005422 ctc_fin_0001801 cdn_soc_0002049 cdn_soc_0004234 cdn_soc_0003187 cdn_soc_0000710 cts_soc_0001023 cts_foc_0005443 cts_soc_0004212 cts_soc_0003804 cdn_foc_0003512 ctc_mnf_0001581 cdn_soc_0002037 cts_soc_0005847 cdn_eco_0001873 cts_soc_0004537 cdn_soc_0003570 ctc_fin_0002076 cte_foc_0000241 ctc_mnf_0001022 cdn_soc_0004093 cdn_soc_0000777 cts_foc_0000662 cdn_foc_0003990 cts_for_0002134 cdn_soc_0001756 cts_soc_0002433 cts_for_0001074 cts_soc_0003832 cdn_foc_0002251 cts_soc_0000312 cdn_soc_0002230 ctc_mnf_0001765 cdn_soc_0004392 cts_soc_0004741 cdn_soc_0002031 cts_soc_0004130 cts_soc_0000901 cdn_foc_0006436 cts_soc_0003877 cts_soc_0003844 cts_eco_0004280 cte_foc_0002123 cts_soc_0004051 cts_foc_0002693 cts_soc_0002796 cts_soc_0002624 cts_foc_0004337 ctc_mnf_0000742 cts_soc_0001814 ctc_ser_0000375 cts_soc_0003163 cts_soc_0006237 cts_soc_0004540 cts_soc_0002730 cdn_eco_0001106 cts_soc_0005856 cdn_soc_0003479 cdn_soc_0002366 cdn_soc_0003569 cts_soc_0003149 cts_foc_0000573 cts_chi_0000714 cte_foc_0002307 cte_foc_0000819 cts_soc_0005286 cts_soc_0006223 cts_ent_0002431 cts_soc_0004202 cts_soc_0006246 ctc_foc_0003205
027,cdn_foc_0008080 cdn_foc_0008574 cte_foc_0002593 cts_foc_0005386 cdn_foc_0008076 ctc_foc_0002374 cts_pol_0002678 cte_foc_0003022 ctc_dep_0001403 cts_pol_0003352 cdn_foc_0004975 cdn_foc_0008578 cdn_foc_0008078 cdn_foc_0003717 cte_foc_0003453 cte_foc_0003127 cts_pol_0002895 cts_foc_0004266 cdn_foc_0005236 cdn_foc_0008575 cdn_foc_0003845 cts_foc_0003739 cts_foc_0003732 cdn_foc_0003693 cdn_foc_0005739 cts_pol_0002751 cdn_foc_0008077 cte_foc_0002595 cdn_foc_0004336 cdn_foc_0008678 cts_foc_0005071 cdn_foc_0003075 ctc_foc_0000824 cts_pol_0002227 cdn_foc_0001451 cts_foc_0005703 cts_int_0002378 cts_for_0001712 cts_foc_0003749 cdn_foc_0005514 cts_for_0002025 cdn_foc_0004922 cdn_foc_0003716 cte_foc_0000960 cts_foc_0005322 cdn_foc_0005524 cts_foc_0005390 cts_foc_0005383 cts_foc_0004944 cdn_foc_0005538 cts_for_0002105 cts_pol_0002234 cdn_foc_0005240 cte_foc_0002787 cts_pol_0002900 cts_pol_0002892 cdn_foc_0007228 cts_pol_0002885 cdn_foc_0003694 cdn_foc_0008079 cts_foc_0004830 cdn_foc_0007678 cdn_foc_0007445 cdn_for_0000623 ctc_foc_0002348 cdn_eco_0002403 cts_foc_0004916 cte_foc_0003597 cte_foc_0003374 cts_pol_0002024 cts_pol_0003311 cte_foc_0003367 cts_foc_0005647 ctc_dep_0001589 cts_pol_0002766 cdn_foc_0005218 cts_int_0000773 cts_pol_0003197 cts_foc_0004967 cts_foc_0005368 cdn_foc_0006348 cte_foc_0003599 ctc_chi_0001565 cdn_foc_0004825 cts_foc_0005298 cts_pol_0000847 cdn_foc_0007456 cdn_foc_0005522 cdn_foc_0006719 cts_pol_0002818 cdn_foc_0005680 cdn_foc_0005238 ctc_foc_0002388 cts_foc_0003849 cdn_chi_0000652 cts_foc_0004839 cts_chi_0000443 cts_foc_0004739 cts_pol_0002802 cts_int_0002387
028,cts_pol_0000566 cte_foc_0000721 cte_foc_0000812 cts_foc_0000979 cdn_foc_0006345 cts_foc_0000951 cts_foc_0001017 cts_pol_0000574 cts_pol_0000553 cts_pol_0003256 cts_foc_0001363 cte_foc_0002875 cts_foc_0000981 cdn_foc_0006331 cts_pol_0000540 cts_foc_0000952 cts_esy_0000095 cts_pol_0000551 cts_foc_0001150 cte_foc_0000699 cts_foc_0001015 cts_pol_0000563 cts_for_0001548 cts_foc_0001002 cts_foc_0000782 cts_foc_0000926 cts_foc_0003795 cts_foc_0001044 cts_for_0000412 cts_foc_0004080 cts_foc_0004069 cts_foc_0005516 cts_for_0001557 cdn_foc_0001451 cdn_foc_0006323 cdn_foc_0000831 cts_foc_0001151 cts_pol_0000432 cts_foc_0001058 cts_foc_0005029 cts_foc_0005034 cdn_foc_0001114 cts_foc_0005521 cts_pol_0001542 cts_foc_0004082 cts_foc_0003771 cts_esy_0000090 cte_foc_0000701 cts_foc_0003808 cts_foc_0004003 cdn_foc_0001239 cts_for_0001510 cts_esy_0000092 cte_foc_0000648 cts_pol_0000444 cte_foc_0000751 ctc_dep_0001591 cts_pol_0000508 cts_pol_0001195 cts_foc_0001027 cts_for_0000300 cts_foc_0005127 cdn_foc_0005750 cdn_foc_0001992 cts_pol_0000100 cdn_chi_0000138 cte_foc_0000780 cte_foc_0001936 cdn_foc_0000937 cts_foc_0005697 cts_foc_0001034 cts_foc_0004192 cts_foc_0000878 cts_foc_0001142 cte_foc_0000621 cte_foc_0000109 cts_foc_0000983 cts_chi_0000414 cts_pol_0000448 cdn_foc_0000909 cts_foc_0000905 cdn_foc_0008673 cts_for_0000382 cts_foc_0004081 cts_pol_0001034 cts_foc_0004004 cdn_foc_0008651 cts_esy_0000480 cts_pol_0000576 cts_chi_0000551 cts_pol_0000069 ctc_foc_0000766 cdn_foc_0001104 cts_foc_0005515 cts_for_0002067 cdn_foc_0007910 cdn_foc_0000599 cts_pol_0000800 cdn_foc_0004158 cte_foc_0003479
029,cts_for_0002008 cdn_loc_0001805 cdn_soc_0004134 cts_soc_0005957 cts_eco_0000871 cte_foc_0003124 cts_soc_0005063 cdn_soc_0005161 cts_for_0001999 cts_soc_0001027 cts_soc_0005697 cts_soc_0006120 cts_soc_0005956 cdn_soc_0004992 cdn_soc_0004133 cts_soc_0006052 cts_eco_0003496 cdn_soc_0004994 cts_for_0000451 cdn_soc_0005146 ctc_dep_0000560 cdn_eco_0001492 cts_for_0002055 cts_esy_0000522 cts_eco_0003397 cdn_soc_0004993 cts_soc_0006051 cts_for_0001655 ctc_dep_0000119 cts_for_0002063 cdn_foc_0000417 cdn_loc_0000691 ctc_esy_0000017 cdn_loc_0000044 ctc_foc_0002521 cts_pol_0000147 ctc_dep_0000004 cts_for_0000146 cdn_loc_0002078 cts_pol_0000132 cdn_loc_0002085 ctc_dep_0000114 cdn_loc_0001313 ctc_dep_0000008 cdn_eco_0001771 cts_for_0000264 cdn_soc_0003688 cdn_loc_0000176 ctc_dep_0001077 cdn_chi_0000754 ctc_dep_0000578 cts_foc_0004195 cdn_loc_0001070 cts_soc_0003349 cts_soc_0003347 cdn_loc_0000851 cdn_loc_0002311 ctc_esy_0000003 cts_soc_0003182 cts_foc_0000282 cte_foc_0001373 ctc_foc_0001656 cdn_soc_0002682 cdn_foc_0007166 cts_pol_0002120 ctc_dep_0000396 ctc_esy_0000207 cdn_foc_0000461 cts_for_0000267 cts_chi_0000803 cts_chi_0000807 cdn_soc_0002966 cdn_soc_0002742 ctc_foc_0002520 cdn_foc_0001332 cdn_loc_0002180 cts_chi_0000823 cdn_soc_0001745 cts_eco_0001376 cts_soc_0003816 cts_for_0002122 cts_foc_0000177 cts_for_0001242 cts_for_0000890 cdn_soc_0003687 cdn_loc_0000767 cts_soc_0002328 cdn_soc_0005091 cdn_loc_0000582 ctc_dep_0001146 cdn_soc_0002965 cts_foc_0000624 cts_foc_0000634 cts_foc_0000626 ctc_foc_0002522 cdn_soc_0000742 cts_for_0000989 cdn_loc_0001680 cts_soc_0006139 ctc_foc_0000065
030,cdn_eco_0001876 cdn_eco_0001865 ctc_dep_0000655 ctc_dep_0000653 ctc_dep_0000654 ctc_sto_0002668 cdn_eco_0002170 cts_eco_0001675 ctc_esy_0000111 ctc_sto_0004657 ctc_sto_0004658 cdn_for_0000498 ctc_fin_0002281 cts_eco_0001877 ctc_foc_0001359 ctc_sto_0005109 cts_foc_0004208 ctc_foc_0001247 ctc_sto_0002385 cdn_eco_0001759 cdn_eco_0001744 cdn_eco_0002568 ctc_fin_0002041 ctc_sto_0003051 cte_foc_0002993 cts_eco_0001382 cdn_eco_0001588 ctc_sto_0002388 ctc_foc_0002401 cte_sto_0000717 ctc_foc_0001806 cte_sto_0000721 ctc_dep_0000659 cdn_foc_0008145 cdn_eco_0002989 cdn_foc_0006835 cdn_eco_0000218 ctc_sto_0002881 ctc_foc_0001860 ctc_sto_0002315 cdn_eco_0001022 cdn_eco_0003187 cdn_eco_0003510 cts_eco_0002151 ctc_sto_0004159 ctc_foc_0002108 cdn_eco_0001513 cte_sto_0000702 cdn_eco_0000482 ctc_foc_0002682 cdn_foc_0002322 cts_eco_0002120 ctc_fin_0002397 ctc_fin_0001453 ctc_foc_0000839 cdn_foc_0002369 cdn_eco_0002613 cdn_eco_0004056 ctc_sto_0006242 cdn_foc_0006126 cdn_foc_0002106 cdn_eco_0002698 cts_eco_0003512 ctc_sto_0004014 ctc_foc_0001495 cdn_foc_0004317 cts_eco_0001602 cts_foc_0002114 cts_eco_0002622 ctc_sto_0000511 cdn_foc_0007895 ctc_sto_0001374 cts_eco_0001601 cts_eco_0003352 cts_eco_0001403 ctc_sto_0002203 cts_eco_0001758 ctc_foc_0000179 cdn_eco_0001016 cdn_eco_0004127 ctc_dep_0001248 ctc_foc_0001789 cdn_foc_0004278 ctc_sto_0002082 ctc_foc_0001278 ctc_dep_0000882 ctc_sto_0000355 cdn_eco_0001015 cdn_eco_0002098 ctc_esy_0000243 ctc_foc_0002338 ctc_sto_0002106 ctc_foc_0002861 ctc_sto_0001946 ctc_esy_0000067 cts_eco_0002802 ctc_esy_0000225 cts_eco_0002340 cts_eco_0003482 ctc_sto_0005003
